id,title,score,num_comments,author,created_utc,url,over_18,edited,spoiler,stickied,upvote_ratio,locked,removal_reason,report_reasons,removed_by,mod_reason_by
1b6iopa,Hamas official: 'We don't know which of the hostages are dead or alive' - report,14395,2010,capitaldefacto,2024-03-04 18:45:30,https://m.jpost.com/breaking-news/article-790201,False,False,False,False,0.86,False,Not Available,Not Available,Not Available,Not Available
1b69gud,EU fines Apple €1.8bn over App Store restrictions on music streaming,13177,913,Ecstatic_Ad_4476,2024-03-04 12:14:06,https://www.theguardian.com/business/2024/mar/04/eu-fines-apple-18bn-over-app-store-restrictions-on-music-streaming,False,False,False,False,0.96,False,Not Available,Not Available,Not Available,Not Available
1b65mrp,NATO begins large-scale exercises near borders of Russia,10087,583,UNITED24Media,2024-03-04 08:09:23,https://newsukraine.rbc.ua/news/nato-begins-large-scale-exercises-near-borders-1709524507.html,False,False,False,False,0.96,False,Not Available,Not Available,Not Available,Not Available
1b6hh9z,"British soldiers ‘on the ground’ in Ukraine, says German military leak",5367,524,SecondAccount404,2024-03-04 17:57:59,https://www.theguardian.com/uk-news/2024/mar/04/british-soldiers-on-ground-ukraine-german-military-leak,False,False,False,False,0.94,False,Not Available,Not Available,Not Available,Not Available
1b6jpha,UN envoy says 'reasonable grounds' to believe Hamas committed sexual violence on Oct. 7,5083,729,ExactlySorta,2024-03-04 19:26:35,https://apnews.com/article/israel-palestinians-un-rape-oct7-hamas-gaza-fe1a35767a63666fe4dc1c97e397177e,False,False,False,False,0.88,False,Not Available,Not Available,Not Available,Not Available
1b6i2u1,"London Mayor Wants to Sell Homes of 'Putin Cronies' to Fund Building of 4,000 Low-Cost Homes",4786,120,reeseinthecity,2024-03-04 18:21:35,https://www.ibtimes.co.uk/london-mayor-wants-sell-homes-putin-cronies-fund-building-4000-low-cost-homes-1723796,False,False,False,False,0.97,False,Not Available,Not Available,Not Available,Not Available
1b6alpl,South Korea to suspend licenses of striking doctors as they refuse to end walkouts,4166,398,Elliottafc1,2024-03-04 13:14:04,https://www.nbcnews.com/news/world/south-korea-suspend-licenses-striking-doctors-refuse-end-walkouts-rcna141595,False,False,False,False,0.97,False,Not Available,Not Available,Not Available,Not Available
1b66l39,State of emergency declared after mass jailbreak in Haiti.,3424,326,Klomenko,2024-03-04 09:13:26,https://www.bbc.com/news/world-latin-america-68462851,False,False,False,False,0.98,False,Not Available,Not Available,Not Available,Not Available
1b6tezx,China drops 'peaceful reunification' reference to Taiwan; raises defence spending by 7.2%,3512,474,monkfreedom,2024-03-05 02:07:04,https://www.reuters.com/world/china/china-drops-peaceful-reunification-reference-taiwan-raises-defence-spending-by-2024-03-05/,False,False,False,False,0.96,False,Not Available,Not Available,Not Available,Not Available
1b6gsak,"British warship and U.S. aircraft seize 6,000 pounds of cocaine and other drugs after ""high-speed chase"" in Caribbean Sea",3061,184,trueslicky,2024-03-04 17:30:55,https://www.cbsnews.com/news/british-warship-us-aircraft-seize-cocaine-drugs-high-speed-chase-caribbean-sea/,False,False,False,False,0.97,False,Not Available,Not Available,Not Available,Not Available
1b6jtfi,FBI hunts for suspected Iranian assassin targeting Trump-era officials,2726,325,UnscheduledCalendar,2024-03-04 19:30:57,https://www.semafor.com/article/03/04/2024/fbi-hunts-for-suspected-iranian-assassin-targeting-trump-era-officials,False,False,False,False,0.95,False,Not Available,Not Available,Not Available,Not Available
1b6a34k,Humans have driven Earth’s freshwater cycle out of stable state: Study,2408,187,2be_0r_not2be,2024-03-04 12:47:38,https://m.tribuneindia.com/news/health/humans-have-driven-earths-freshwater-cycle-out-of-stable-state-study-597149,False,False,False,False,0.95,False,Not Available,Not Available,Not Available,Not Available
1b6h88w,IDF accuses additional UNRWA officials of Oct. 7 massacre,2214,236,yoyo456,2024-03-04 17:48:03,https://www.jpost.com/israel-hamas-war/article-790191?utm_source=jpost.app.android&utm_medium=share,False,False,False,False,0.87,False,Not Available,Not Available,Not Available,Not Available
1b6u0sj,IDF releases recordings of UNRWA teachers taking part in Oct. 7 massacres,2104,177,god_im_bored,2024-03-05 02:35:09,https://www.jns.org/idf-releases-recordings-of-unrwa-teachers-taking-part-in-oct-7-massacres/,False,False,False,False,0.87,False,Not Available,Not Available,Not Available,Not Available
1b6dvht,43 countries demand international probe into Navalny’s death,1948,39,semafornews,2024-03-04 15:36:39,https://www.semafor.com/article/03/04/2024/alexei-navalny-countries-demand-international-probe-death?utm_campaign=semaforreddit,False,False,False,False,0.97,False,Not Available,Not Available,Not Available,Not Available
1b6kkby,Putin ally says 'Ukraine is Russia' and historical territory needs to 'come home',1638,311,EsperaDeus,2024-03-04 20:01:23,https://www.yahoo.com/news/putin-ally-says-ukraine-definitely-114405941.html?_guc_consent_skip=1709582461,False,False,False,False,0.87,False,Not Available,Not Available,Not Available,Not Available
1b6a1uj,The Ukrainian intelligence specialists hacked Russiaʼs Ministry of Defense database and gained access to secret documents,1610,47,UNITED24Media,2024-03-04 12:45:44,https://babel.ua/en/news/104542-the-ukrainian-intelligence-specialists-hacked-russia-s-ministry-of-defense-database-and-gained-access-to-secret-documents,False,False,False,False,0.97,False,Not Available,Not Available,Not Available,Not Available
1b6abcu,Rinkevics to Musk: Reason NATO exists is Russia and other enemies of the free world,1558,64,Ready_Efficiency_522,2024-03-04 12:59:47,https://www.ukrinform.net/rubric-polytics/3835130-rinkevics-to-musk-reason-nato-exists-is-russia-and-other-enemies-of-the-free-world.html,False,False,False,False,0.96,False,Not Available,Not Available,Not Available,Not Available
1b6829l,"One killed, 7 wounded by anti-tank missile fire in northern Israel",1524,80,DroneMaster2000,2024-03-04 10:50:44,https://www.jpost.com/breaking-news/article-790125,False,False,False,False,0.89,False,Not Available,Not Available,Not Available,Not Available
1b6h9d0,"France enshrines 'freedom' to abortion in Constitution, in world first",1229,18,pierrepaul,2024-03-04 17:49:15,https://www.lemonde.fr/en/politics/article/2024/03/04/france-enshrines-freedom-to-abortion-in-constitution-in-world-first_6584252_5.html,False,False,False,False,0.94,False,Not Available,Not Available,Not Available,Not Available
1b6gkh2,"Albania, wary of Russia, reopens Soviet-era air base to NATO",1204,28,giuliomagnifico,2024-03-04 17:22:32,https://www.reuters.com/world/europe/albania-wary-russia-reopens-soviet-era-air-base-nato-2024-03-04/,False,False,False,False,0.98,False,Not Available,Not Available,Not Available,Not Available
1b6cgfs,Europe Steps in as US Dithers: Czechia Says More Ammo Will Arrive in Weeks,1167,129,37Dracula37,2024-03-04 14:38:56,https://www.kyivpost.com/post/28991,False,False,False,False,0.94,False,Not Available,Not Available,Not Available,Not Available
1b6kj71,Three Red Sea underwater data cables have been cut as Houthi attacks continue in the vital waterway,1168,99,EsperaDeus,2024-03-04 20:00:20,https://www.yahoo.com/news/three-underwater-data-cables-red-143239992.html,False,False,False,False,0.97,False,Not Available,Not Available,Not Available,Not Available
1b690nr,Dozens of koalas allegedly killed or injured during plantation logging on Kangaroo Island,920,56,newnemo,2024-03-04 11:49:04,https://www.theguardian.com/environment/2024/mar/04/kangaroo-island-logging-koalas-killed-injured-ntwnfb,False,False,False,False,0.96,False,Not Available,Not Available,Not Available,Not Available
1b676un,EU may use Russian assets to procure weapons for Ukraine - Euractiv,893,35,UNITED24Media,2024-03-04 09:54:41,"https://newsukraine.rbc.ua/news/eu-may-use-russian-assets-to-procure-weapons-1709541052.html#:~:text=The%20money%20will%20likely%20be,purchase%20military%20equipment%20for%20Ukraine.%22",False,False,False,False,0.95,False,Not Available,Not Available,Not Available,Not Available
1b69o8w,"Putin ally Medvedev says Ukraine is 'definitely Russia', rules out talks with Zelenskiy",642,125,BastianMobile,2024-03-04 12:25:04,https://www.reuters.com/world/europe/putin-ally-says-ukraine-is-definitely-russia-rules-out-talks-with-zelenskiy-2024-03-04/,False,False,False,False,0.85,False,Not Available,Not Available,Not Available,Not Available
1b66te8,"Canada treats airline industry as a 'cash cow' when it should be essential service, says expert",595,138,Gyro_Armadillo,2024-03-04 09:29:29,https://financialpost.com/transportation/airlines/canada-treats-aviation-cash-cow-expert,False,False,False,False,0.93,False,Not Available,Not Available,Not Available,Not Available
1b6oh0y,More than 2 million research papers have disappeared from the Internet,474,28,Creative_soja,2024-03-04 22:37:33,https://www.nature.com/articles/d41586-024-00616-5,False,False,False,False,0.96,False,Not Available,Not Available,Not Available,Not Available
1b6751f,"With Sinwar incommunicado, mediators warn hostage deal could be delayed",438,51,inntaxapt,2024-03-04 09:51:18,https://www.ynetnews.com/article/byil4gqpa,False,False,False,False,0.94,False,Not Available,Not Available,Not Available,Not Available
1b6paiz,Poland buys Saab grenade launchers in $1.63 billion deal,357,44,Toruviel_,2024-03-04 23:09:04,https://www.reuters.com/business/aerospace-defense/poland-buys-saab-grenade-launchers-163-billion-deal-2024-03-04/,False,False,False,False,0.96,False,Not Available,Not Available,Not Available,Not Available
1b6uvks,Indian families beg for safe return of men tricked into fighting for Russia: ‘we’re worried sick’,393,77,Gyro_Armadillo,2024-03-05 03:14:20,https://www.scmp.com/week-asia/people/article/3254112/indian-families-beg-safe-return-men-tricked-fighting-russia-were-worried-sick,False,False,False,False,0.88,False,Not Available,Not Available,Not Available,Not Available
1b6f3qu,Dmitry Medvedev calls for Ukrainian independence to ‘disappear forever’,302,68,duckanroll,2024-03-04 16:25:04,https://novayagazeta.eu/articles/2024/03/04/dmitry-medvedev-calls-for-ukrainian-independence-to-disappear-forever-en-news,False,False,False,False,0.84,False,Not Available,Not Available,Not Available,Not Available
1b6rkmu,EU aims to shift European arms industry to ‘war economy mode’,306,31,MadShartigan,2024-03-05 00:44:19,https://www.reuters.com/world/europe/eu-aims-shift-european-arms-industry-war-economy-mode-2024-03-04/,False,False,False,False,0.96,False,Not Available,Not Available,Not Available,Not Available
1b6764l,"US, South Korea Start Military Drills Set to Anger Kim Jong Un",281,30,Ecstatic_Ad_4476,2024-03-04 09:53:16,https://www.bloomberg.com/news/articles/2024-03-04/us-south-korea-start-military-drills-set-to-anger-kim-jong-un,False,False,False,False,0.89,False,Not Available,Not Available,Not Available,Not Available
1b6vw4f,"/r/WorldNews Live Thread: Russian Invasion of Ukraine Day 741, Part 1 (Thread #887)",297,26,WorldNewsMods,2024-03-05 04:02:33,https://www.reddit.com/live/18hnzysb1elcs,False,False,False,True,0.97,False,Not Available,Not Available,Not Available,Not Available
1b6aara,Canada expanding Russia sanctions over Navalny’s death,265,9,Ready_Efficiency_522,2024-03-04 12:58:56,https://www.ukrinform.net/rubric-polytics/3835228-canada-expanding-russia-sanctions-over-navalnys-death.html,False,False,False,False,0.94,False,Not Available,Not Available,Not Available,Not Available
1b6hbwz,More than 1.3 tons of cocaine seized in the Caribbean Sea as suspects abandon ship,244,48,fromouterspace1,2024-03-04 17:51:57,https://www.cbsnews.com/news/cocaine-seized-caribbean-sea-colombia-suspects-abandon-ship/,False,False,False,False,0.94,False,Not Available,Not Available,Not Available,Not Available
1b64x4g,"Ukraine war latest: Russian drone attack on Odesa kills 12, including 5 children",244,10,BigDaddy0790,2024-03-04 07:22:54,https://kyivindependent.com/ukraine-war-latest-russian-drone-attack-on-odesa-kills-12-including-5-children/,False,False,False,False,0.9,False,Not Available,Not Available,Not Available,Not Available
1b6h97v,"Terror cell planning ISIS-style attacks caught with 100 explosive devices, Shin Bet says",240,4,inntaxapt,2024-03-04 17:49:06,https://www.ynetnews.com/article/h1pgibxp6,False,False,False,False,0.9,False,Not Available,Not Available,Not Available,Not Available
1b6a4my,End repression of independent voices in Russia: UN after Navalny's death,220,16,2be_0r_not2be,2024-03-04 12:49:53,https://www.business-standard.com/world-news/end-repression-of-independent-voices-in-russia-un-after-navalny-s-death-124030400645_1.html,False,False,False,False,0.92,False,Not Available,Not Available,Not Available,Not Available
1b6r0hv,UK urges Germany to give long-range missiles to Kyiv despite Luftwaffe leak,197,12,riwnodennyk,2024-03-05 00:20:26,https://www.theguardian.com/world/2024/mar/04/uk-urges-germany-to-give-long-range-missiles-to-kyiv-despite-luftwaffe-leak,False,False,False,False,0.95,False,Not Available,Not Available,Not Available,Not Available
1b6qdp4,"Covid-19 increases risk of developing autoimmune disease, but vaccination helps, large study shows",190,29,SPY225,2024-03-04 23:53:31,https://www.statnews.com/2024/03/04/covid-19-south-korea-japan-study-lupus-sjogren-autoimmune-disease/,False,False,False,False,0.87,False,Not Available,Not Available,Not Available,Not Available
1b6b1go,EU fines Apple €1.8bn for breaking streaming rules,176,44,kassiusx,2024-03-04 13:35:56,https://www.bbc.co.uk/news/technology-68467752,False,False,False,False,0.91,False,Not Available,Not Available,Not Available,Not Available
1b6dk17,Ukraine war: Germany under pressure to explain intercepted phone call,163,39,flacao9,2024-03-04 15:23:30,https://www.bbc.co.uk/news/world-europe-68467329,False,False,False,False,0.87,False,Not Available,Not Available,Not Available,Not Available
1b66tae,Ukraine’s Defence Intelligence claims responsibility for Samara railway bridge explosion,121,0,duckanroll,2024-03-04 09:29:15,https://novayagazeta.eu/articles/2024/03/04/ukraines-defence-intelligence-claims-responsibility-for-samara-railway-bridge-explosion-en-news,False,False,False,False,0.9,False,Not Available,Not Available,Not Available,Not Available
1b67r74,Canada announces fresh sanctions against Russia over Putin critic Navalny's death,115,2,4920185,2024-03-04 10:30:02,https://www.hindustantimes.com/world-news/canada-announces-fresh-sanctions-against-russia-over-putin-critic-navalnys-death-101709466441146.html,False,False,False,False,0.88,False,Not Available,Not Available,Not Available,Not Available
1b6trdb,Argentina's Telam news agency suspended in President Melei's crackdown on 'propaganda',112,11,SPY225,2024-03-05 02:22:52,https://news4sanantonio.com/news/nation-world/argentinas-telam-news-agency-suspended-in-president-meleis-crackdown-on-propaganda-crackdown-propoganda-president-suspended-telam-argentinas,False,False,False,False,0.94,False,Not Available,Not Available,Not Available,Not Available
1b6c5gb,Taiwan recruiting Indians with 'similar skin color' to Taiwanese: Labor minister | Taiwan News | 2024-03-04 11:31:00,96,51,kartic666,2024-03-04 14:26:02,"https://www.taiwannews.com.tw/en/news/5106858#:~:text=TAIPEI%20(Taiwan%20News)%20%E2%80%94%20Labor,manufacturing%2C%20construction%2C%20and%20agriculture.",False,False,False,False,0.77,False,Not Available,Not Available,Not Available,Not Available
1b6c2wm,"World resource extraction could surge 60% by 2060, UN warns | Current trajectory would cause the world to far exceed the temperature limits set out in the 2015 Paris Agreement; hunger for natural resources—everything from food to fossil fuels—keeps growing by an average of more than 2.3% per year",93,40,BattlemechJohnBrown,2024-03-04 14:22:48,https://phys.org/news/2024-03-world-resource-surge.html,False,False,False,False,0.84,False,Not Available,Not Available,Not Available,Not Available
1b6u0z3,Albania sets up first NATO base in Western Balkans,95,6,TheosThe1st,2024-03-05 02:35:23,https://www.euronews.com/2024/03/04/albania-sets-up-first-nato-base-in-western-balkans,False,False,False,False,0.93,False,Not Available,Not Available,Not Available,Not Available
1b66i7w,United Kingdom: calls for inquiry after refugee children made to guess who got foster care in ‘game’,87,7,Johannes_P,2024-03-04 09:08:07,https://www.theguardian.com/politics/2024/mar/04/calls-inquiry-refugee-children-made-to-guess-foster-care-game,False,False,False,False,0.83,False,Not Available,Not Available,Not Available,Not Available
1b674fp,China in a surprise announcement says it is eliminating annual news conference by premier ,87,9,Saltedline,2024-03-04 09:50:15,https://www.asahi.com/sp/ajw/articles/15187150,False,False,False,False,0.88,False,Not Available,Not Available,Not Available,Not Available
1b6rp92,Greece Open to Military Cooperation with Armenia that Includes France and India,84,3,DavidofSasun,2024-03-05 00:49:50,https://asbarez.com/greece-open-to-military-cooperation-with-armenia-that-includes-france-and-india/,False,False,False,False,0.92,False,Not Available,Not Available,Not Available,Not Available
1b6n0ei,Iran Plans To Create DNA Bank Of Journalists,84,13,air_sun_10,2024-03-04 21:39:21,https://www.iranintl.com/en/202403036159,False,False,False,False,0.83,False,Not Available,Not Available,Not Available,Not Available
1b68rt7,Organized crime attacks on local candidates raise fears Mexico may face its bloodiest elections ever,80,4,WhoIsJolyonWest,2024-03-04 11:34:12,https://apnews.com/article/mexico-election-violence-candidates-cartels-91f01634fe32781f708f16064bc87179,False,False,False,False,0.91,False,Not Available,Not Available,Not Available,Not Available
1b6gb9t,"Armenia, Greece Vow To Boost Military Ties",81,3,DavidofSasun,2024-03-04 17:12:35,https://www.azatutyun.am/a/32847383.html,False,False,False,False,0.87,False,Not Available,Not Available,Not Available,Not Available
1b678w3,"S. Korea, U.S. begin key annual military drills amid N.K. threats ",81,3,UNITED24Media,2024-03-04 09:58:26,https://m-en.yna.co.kr/view/AEN20240303001751315?section=national/defense,False,False,False,False,0.88,False,Not Available,Not Available,Not Available,Not Available
1b6flgr,China completes world's first onshore modular nuclear reactor,74,21,MaleficentParfait863,2024-03-04 16:44:35,https://www.chinadaily.com.cn/a/202403/01/WS65e1ab4da31082fc043ba16b_1.html,False,False,False,False,0.75,False,Not Available,Not Available,Not Available,Not Available
1b6u004,China raises defense budget 7.2% as it pushes for global heft and regional tensions continue,75,25,mrwhiskeyrum,2024-03-05 02:34:03,https://apnews.com/article/china-legislature-defense-budget-taiwan-us-9e751a41c9a1ffe8c0cf9775797750e3,False,False,False,False,0.87,False,Not Available,Not Available,Not Available,Not Available
1b6lzja,Iran Tried to Persuade Sudan to Allow Naval Base on Its Red Sea Coast,69,3,wsj,2024-03-04 20:58:14,https://www.wsj.com/world/middle-east/iran-tried-to-persuade-sudan-to-allow-naval-base-on-its-red-sea-coast-77ca3922?st=fpzeh6z7h3omqp2,False,False,False,False,0.88,False,Not Available,Not Available,Not Available,Not Available
1b673q5,Russian court upholds ruling barring anti-war candidate from vote,66,7,Ecstatic_Ad_4476,2024-03-04 09:48:58,https://www.reuters.com/world/europe/russian-court-upholds-ruling-barring-anti-war-candidate-vote-2024-03-04/,False,False,False,False,0.82,False,Not Available,Not Available,Not Available,Not Available
1b68lgc,Prosecutors move to extend prison sentence for Navalny ally Lilia Chanysheva,64,0,duckanroll,2024-03-04 11:23:31,https://novayagazeta.eu/articles/2024/03/04/prosecutors-move-to-extend-prison-sentence-for-navalny-ally-lilia-chanysheva-en-news,False,False,False,False,0.8,False,Not Available,Not Available,Not Available,Not Available
1b6g0fb,Nepal's communist parties join forces to form a new coalition government,60,12,doodly-123,2024-03-04 17:01:11,https://abcnews.go.com/International/wireStory/nepals-communist-parties-join-forces-form-new-coalition-107769381,False,False,False,False,0.86,False,Not Available,Not Available,Not Available,Not Available
1b6tytm,Ghana's finance ministry urges president not to sign anti-LGBTQ+ bill,62,1,4920185,2024-03-05 02:32:30,https://www.bbc.com/news/world-africa-68469613,False,False,False,False,0.9,False,Not Available,Not Available,Not Available,Not Available
1b669s4,France publishes list of military aid provided to Ukraine since February 2022,60,8,Oddfellows_Local_151,2024-03-04 08:52:31,https://www.pravda.com.ua/eng/news/2024/03/4/7444809/,False,False,False,False,0.83,False,Not Available,Not Available,Not Available,Not Available
1b6tt6y,"Argentina's government on Monday suspended the Telam state news agency in the wake of an announcement by President Javier Milei that he would shut down what he called a mouthpiece of ""propaganda"" for previous leftist administrations",64,7,DoremusJessup,2024-03-05 02:25:10,https://www.rfi.fr/en/international-news/20240304-argentina-govt-suspends-state-news-agency-telam,False,False,False,False,0.95,False,Not Available,Not Available,Not Available,Not Available
1b6gd59,Saab starts construction of new Carl-Gustaf factory in India,55,1,King112TA,2024-03-04 17:14:42,https://www.saab.com/newsroom/press-releases/2024/saab-starts-construction-of-new-carl-gustaf-factory-in-india,False,False,False,False,0.83,False,Not Available,Not Available,Not Available,Not Available
1b6fg3t,German prosecutors urge Red Army Faction suspects to surrender,57,6,3kOlen,2024-03-04 16:38:40,https://www.theguardian.com/world/2024/mar/04/german-prosecutors-urge-red-army-faction-suspects-to-surrender,False,False,False,False,0.87,False,Not Available,Not Available,Not Available,Not Available
1b675qn,N. Korea deletes state media articles using unification references,57,9,Saltedline,2024-03-04 09:52:35,https://en.yna.co.kr/view/AEN20240304007500315?section=nk/nk,False,False,False,False,0.87,False,Not Available,Not Available,Not Available,Not Available
1b69brj,Colombian President: US anti-drug policies caused Latin American 'genocide',53,38,hernannadal,2024-03-04 12:06:22,https://www.batimes.com.ar/news/latin-america/gustavo-petro-says-us-anti-drug-policies-caused-latin-american-genocide.phtml,False,False,False,False,0.71,False,Not Available,Not Available,Not Available,Not Available
1b6vkj2,UN rights chief urges end to 'repression' of independent voices in Russia after Navalny's death,57,6,4920185,2024-03-05 03:47:05,https://halifax.citynews.ca/2024/03/04/un-rights-chief-urges-end-to-repression-of-independent-voices-in-russia-after-navalnys-death/,False,False,False,False,0.91,False,Not Available,Not Available,Not Available,Not Available
1b68qq4,India to build new naval base close to Maldives amid tensions over China ties,51,4,Even_Jellyfish_214,2024-03-04 11:32:20,https://abcnews.go.com/International/wireStory/india-build-new-naval-base-close-maldives-amid-107765047,False,False,False,False,0.81,False,Not Available,Not Available,Not Available,Not Available
1b6j8tl,Polish government unveils planned overhaul of “defective” constitutional court,49,4,BubsyFanboy,2024-03-04 19:08:07,https://notesfrompoland.com/2024/03/04/polish-government-unveils-planned-overhaul-of-defective-constitutional-court/,False,False,False,False,0.81,False,Not Available,Not Available,Not Available,Not Available
1b6h9i8,South Korea and US begin large annual military drills with eye on North Korea | CNN,46,3,Gyro_Armadillo,2024-03-04 17:49:27,https://edition.cnn.com/2024/03/04/asia/us-south-korea-military-exercises-intl-hnk-ml/index.html,False,False,False,False,0.8,False,Not Available,Not Available,Not Available,Not Available
1b66v30,‘Two sessions’: China scraps a decades-long political tradition as Xi tightens control amid economic woes | CNN,52,8,Gyro_Armadillo,2024-03-04 09:32:33,https://edition.cnn.com/2024/03/04/china/china-two-sessions-xi-jinping-economic-challenges-intl-hnk/index.html,False,False,False,False,0.78,False,Not Available,Not Available,Not Available,Not Available
1b6smlb,Hard-liners dominate Iran parliamentary vote that saw a record-low turnout and boycott calls,51,3,citytiger,2024-03-05 01:31:33,https://apnews.com/article/iran-parliamentary-election-results-low-turnout-845fabad51eb26bf7fef8087c030f8f8,False,False,False,False,0.88,False,Not Available,Not Available,Not Available,Not Available
1b63o6m,"Russia's Rosneft starts sale of German assets, Berlin says",52,2,donutloop,2024-03-04 06:05:47,https://www.reuters.com/business/energy/russias-rosneft-starts-sale-german-assets-berlin-says-2024-03-01/,False,False,False,False,0.82,False,Not Available,Not Available,Not Available,Not Available
1b6h40f,NASA’s SpaceX Crew-8 Launches to International Space Station - NASA,43,5,Ecstatic_Ad_4476,2024-03-04 17:43:25,https://www.nasa.gov/news-release/nasas-spacex-crew-8-launches-to-international-space-station/,False,False,False,False,0.79,False,Not Available,Not Available,Not Available,Not Available
1b6j0b4,US Sanctions Zimbabwe President Mnangagwa Over Human Rights,41,2,HenzShuyi,2024-03-04 18:58:42,https://www.bloomberg.com/news/articles/2024-03-04/us-sanctions-zimbabwe-president-mnangagwa-over-human-rights-ltd5sfv4,False,False,False,False,0.78,False,Not Available,Not Available,Not Available,Not Available
1b6a3x0,SpaceX launches eighth long-duration crew for International Space Station orbit,46,5,panmanculi24,2024-03-04 12:48:48,https://www.reuters.com/technology/space/spacex-launches-its-eighth-long-duration-crew-orbit-nasa-2024-03-04/,False,False,False,False,0.79,False,Not Available,Not Available,Not Available,Not Available
1b6tqhi,German military's leaked call reveals British army's 'direct' involvement in Russia-Ukraine conflict,46,18,2be_0r_not2be,2024-03-05 02:21:41,https://www.firstpost.com/world/german-militarys-leaked-call-reveals-british-armys-direct-involvement-in-russia-ukraine-conflict-13745151.html,False,False,False,False,0.78,False,Not Available,Not Available,Not Available,Not Available
1b6j6q4,Hard-liners dominate Iran parliamentary vote that saw a record-low turnout and boycott calls,38,3,DoremusJessup,2024-03-04 19:05:40,https://english.elpais.com/international/2024-03-04/hard-liners-dominate-iran-parliamentary-vote-that-saw-a-record-low-turnout-and-boycott-calls.html,False,False,False,False,0.8,False,Not Available,Not Available,Not Available,Not Available
1b662fr,Iran Conservatives Secure Bulk of Seats in Elections,34,19,znanirani,2024-03-04 08:38:46,https://www.voanews.com/a/iran-conservatives-secure-bulk-of-seats-in-elections/7512103.html,False,False,False,False,0.74,False,Not Available,Not Available,Not Available,Not Available
1b6tl7r,"China vows to 'transform' economic model, targets growth at around 5%",32,12,panmanculi24,2024-03-05 02:15:08,https://www.reuters.com/world/china/china-targets-2024-gdp-growth-around-5-government-work-report-2024-03-05/,False,False,False,False,0.78,False,Not Available,Not Available,Not Available,Not Available
1b6i8j5,Libya's coast guard tried to prevent rescue of migrants in the Mediterranean,30,2,giuliomagnifico,2024-03-04 18:27:46,https://www.africanews.com/2024/03/04/libyas-coast-guard-tried-to-prevent-rescue-of-migrants-in-the-mediterranean/,False,False,False,False,0.73,False,Not Available,Not Available,Not Available,Not Available
1b6wluj,Spain's Catalonia hands out free reusable menstruation products,33,6,Forward-Answer-4407,2024-03-05 04:39:46,https://www.reuters.com/world/europe/spains-catalonia-hands-out-free-reusable-menstruation-products-2024-03-04/,False,False,False,False,0.88,False,Not Available,Not Available,Not Available,Not Available
1b6ugle,China’s Property Debt Woes Deepen as Vanke Under Closer Scrutiny,26,0,4920185,2024-03-05 02:55:15,https://www.bloomberg.com/news/articles/2024-03-04/china-s-top-insurers-warn-of-vanke-risks-amid-debt-delay-talks,False,False,False,False,0.79,False,Not Available,Not Available,Not Available,Not Available
1b6t61a,Australia promises $2 billion fund for South-East Asian countries,25,11,Gyro_Armadillo,2024-03-05 01:55:52,https://www.abc.net.au/news/2024-03-05/australia-promises-2-billion-fund-for-south-east-asian-countries/103544150,False,False,False,False,0.8,False,Not Available,Not Available,Not Available,Not Available
1b6hn2p,Germany: Lufthansa braces for new ground crew strike – DW – 03/04/2024,22,0,Gyro_Armadillo,2024-03-04 18:04:10,https://www.dw.com/en/germany-union-calls-another-lufthansa-ground-staff-strike/a-68431415,False,False,False,False,0.78,False,Not Available,Not Available,Not Available,Not Available
1b67wjq,Shahbaz Sharif elected as 24th Prime Minister of Pakistan ,22,10,Flamactor,2024-03-04 10:40:00,https://www.bbc.com/news/world-asia-68462846,False,False,False,False,0.72,False,Not Available,Not Available,Not Available,Not Available
1b68upy,Chinese Embassy Condemns Indian Interview With Taiwan Minister,18,3,Even_Jellyfish_214,2024-03-04 11:39:08,https://hwnews.in/news/international/chinese-embassy-condemns-indian-interview-with-taiwan-minister/,False,False,False,False,0.64,False,Not Available,Not Available,Not Available,Not Available
1b69ocs,Nicaragua files case at World Court against Germany for aiding Israel,18,24,newsspotter,2024-03-04 12:25:11,https://www.reuters.com/world/nicaragua-files-case-world-court-against-germany-aiding-israel-2024-03-01/,False,False,False,False,0.56,False,Not Available,Not Available,Not Available,Not Available
1b68faz,19-Year-Old GSDF Rifle Attack Suspect Indicted,20,2,Eureka-4407,2024-03-04 11:13:03,https://www.nippon.com/en/news/yjj2024022800585/19-year-old-gsdf-rifle-attack-suspect-indicted.html,False,False,False,False,0.71,False,Not Available,Not Available,Not Available,Not Available
1b6kia0,"AWS plans to launch Saudi Arabian cloud region in 2026, promises $5.3bn investment",19,5,brooklynlad,2024-03-04 19:59:22,https://www.datacenterdynamics.com/en/news/aws-plans-to-launch-saudi-arabian-cloud-region-in-2026-promises-53bn-investment/,False,False,False,False,0.72,False,Not Available,Not Available,Not Available,Not Available
1b6udlz,Israel carries out biggest Ramallah raid in years,16,14,glasier,2024-03-05 02:51:32,https://www.reuters.com/world/middle-east/israel-carries-out-biggest-ramallah-raid-years-witnesses-say-2024-03-04/,False,False,False,False,0.62,False,Not Available,Not Available,Not Available,Not Available
1b6skww,China premier to skip parliament press event for 1st time since 1993,17,0,Saltedline,2024-03-05 01:29:23,https://english.kyodonews.net/news/2024/03/20c809a3cc1f-china-premier-to-skip-parliament-press-event-for-1st-time-since-1993.html,False,False,False,False,0.81,False,Not Available,Not Available,Not Available,Not Available
1b6jvsr,First Undersecretary of the Ministry of Electricity: The solar plant is a strategic project with a capacity of 120 megawatts,16,0,martareyes995,2024-03-04 19:33:39,https://www.sada-alsahel.net/news/135696,False,False,False,False,0.72,False,Not Available,Not Available,Not Available,Not Available
1b6gtls,Germany's Scholz speaks out against Assange extradition,16,0,DoremusJessup,2024-03-04 17:32:21,https://www.dw.com/en/germanys-scholz-speaks-out-against-julian-assange-extradition/a-68433675,False,False,False,False,0.63,False,Not Available,Not Available,Not Available,Not Available
1b69b5i,Nobel laureate Muhammad Yunus is granted bail in a Bangladesh graft case,15,4,nbcnews,2024-03-04 12:05:26,https://www.nbcnews.com/news/world/nobel-laureate-muhammad-yunus-granted-bail-bangladesh-graft-case-rcna141601,False,False,False,False,0.77,False,Not Available,Not Available,Not Available,Not Available
1b6vgwl,West avoids seriously confronting Iran as IAEA meet begins,14,3,EuphoricWarning2032,2024-03-05 03:42:09,https://www.reuters.com/world/west-avoids-seriously-confronting-iran-iaea-meet-begins-2024-03-04/,False,False,False,False,0.79,False,Not Available,Not Available,Not Available,Not Available
